y_pred_hmm_multi_state,y_pred_hmm_one_state,y_test,y_pred_glm,error_hmm_ms,error_hmm_os,error_glm,error_glm_rounded,error_hmm_ms_rounded,error_hmm_os_rounded
0.7330282300539612,0.6909438524715146,0.0,1,1.0,1.0,1.0,1,1,1
0.8993481546936208,0.9233264804190746,1.0,1,0.0,0.0,0.0,0,0,0
0.9439171248805882,0.9233264804190746,0.0,1,1.0,1.0,1.0,1,1,1
0.9387264058386994,0.8999364240516117,0.0,1,1.0,1.0,1.0,1,1,1
1.402148088185303,0.8999364240516117,0.0,1,1.0,1.0,1.0,1,1,1
0.8926473240502337,0.8999364240516117,1.0,1,0.0,0.0,0.0,0,0,0
0.7135822659737603,0.6734406009144644,0.0,1,1.0,1.0,1.0,1,1,1
0.7837667815825429,0.8855590755906305,1.0,1,0.0,0.0,0.0,0,0,0
0.8701483974106845,0.8999364240516117,0.0,1,1.0,1.0,1.0,1,1,1
0.9698995508305204,0.8999364240516117,0.0,1,1.0,1.0,1.0,1,1,1
1.0316541809826916,0.9233264804190746,0.0,1,1.0,1.0,1.0,1,1,1
1.0243384610462043,1.297145013928731,0.0,0,1.0,1.0,0.0,0,1,1
0.7077655220564121,0.6734406009144644,0.0,1,1.0,1.0,1.0,1,1,1
2.0828202572165533,2.2545883966105977,3.0,1,-1.0,-1.0,-2.0,-2,-1,-1
1.4073528460124618,0.8855590755906305,3.0,1,-2.0,-2.0,-2.0,-2,-2,-2
0.9538863695675355,0.8999364240516117,0.0,1,1.0,1.0,1.0,1,1,1
0.9365095115383142,0.9233264804190746,2.0,1,-1.0,-1.0,-1.0,-1,-1,-1
0.9439171248805882,0.9233264804190746,1.0,1,0.0,0.0,0.0,0,0,0
0.7994007729691974,0.6734406009144644,1.0,1,0.0,0.0,0.0,0,0,0
1.9597345723066137,2.2545883966105977,2.0,1,0.0,0.0,-1.0,-1,0,0
1.937973032621698,2.2545883966105977,2.0,1,0.0,0.0,-1.0,-1,0,0
2.1119239717816782,2.2545883966105977,0.0,1,2.0,2.0,1.0,1,2,2
2.1870919717380612,2.4012916547352354,2.0,1,0.0,0.0,-1.0,-1,0,0
0.9047420277323521,0.8855590755906305,1.0,1,0.0,0.0,0.0,0,0,0
0.8629563237487012,0.6734406009144644,1.0,1,0.0,0.0,0.0,0,0,0
0.735610669438205,0.6734406009144644,2.0,1,-1.0,-1.0,-1.0,-1,-1,-1
0.3519039305066351,0.0044802032461488915,0.0,1,0.0,0.0,1.0,1,0,0
2.2517557444188663,2.4983316972561838,2.0,1,0.0,0.0,-1.0,-1,0,0
1.0761548102489615,1.34266805539438,0.0,1,1.0,1.0,1.0,1,1,1
0.4599284810785408,0.0044802032461488915,0.0,1,0.0,0.0,1.0,1,0,0
2.286699075626562,2.4012916547352354,2.0,1,0.0,0.0,-1.0,-1,0,0
1.160905209739541,1.3969274224021562,1.0,1,0.0,0.0,0.0,0,0,0
1.299004522212381,0.9233264804190746,0.0,1,1.0,1.0,1.0,1,1,1
2.234411415154522,2.4012916547352354,3.0,1,-1.0,-1.0,-2.0,-2,-1,-1
0.3130236372822169,0.0044802032461488915,2.0,1,-2.0,-2.0,-1.0,-1,-2,-2
0.9395502570888141,0.9233264804190746,1.0,1,0.0,0.0,0.0,0,0,0
1.408475506354908,0.8855590755906305,0.0,1,1.0,1.0,1.0,1,1,1
1.7223366351531757,2.4983316972561838,0.0,1,2.0,2.0,1.0,1,2,2
0.8807543679323279,0.6909438524715146,1.0,1,0.0,0.0,0.0,0,0,0
0.3078607585299154,0.0044802032461488915,0.0,1,0.0,0.0,1.0,1,0,0
0.9656271081729171,0.0044802032461488915,0.0,1,1.0,0.0,1.0,1,1,0
1.1980529005592655,0.8999364240516117,2.0,1,-1.0,-1.0,-1.0,-1,-1,-1
0.805818556630973,0.662681740701285,0.0,1,1.0,1.0,1.0,1,1,1
0.6876447769122671,0.0044802032461488915,0.0,1,1.0,0.0,1.0,1,1,0
1.8233169587497768,2.4983316972561838,2.0,1,0.0,0.0,-1.0,-1,0,0
0.7330007796044906,0.662681740701285,1.0,1,0.0,0.0,0.0,0,0,0
2.202456670857895,2.4012916547352354,2.0,1,0.0,0.0,-1.0,-1,0,0
1.013439876626342,0.8999364240516117,0.0,1,1.0,1.0,1.0,1,1,1
0.9724349007831414,0.8999364240516117,0.0,1,1.0,1.0,1.0,1,1,1
1.3357024021025534,0.9233264804190746,0.0,1,1.0,1.0,1.0,1,1,1
1.646755422792694,2.4983316972561838,1.0,1,1.0,1.0,0.0,0,1,1
2.235366734976984,2.4012916547352354,2.0,1,0.0,0.0,-1.0,-1,0,0
0.9535808101386741,0.9233264804190746,0.0,1,1.0,1.0,1.0,1,1,1
0.6947091310588354,0.6734406009144644,0.0,1,1.0,1.0,1.0,1,1,1
0.7911584561802026,0.8855590755906305,0.0,1,1.0,1.0,1.0,1,1,1
0.9827790994141565,0.6909438524715146,0.0,1,1.0,1.0,1.0,1,1,1
0.779248392904357,0.6734406009144644,0.0,1,1.0,1.0,1.0,1,1,1
2.2802511133364125,2.4012916547352354,2.0,1,0.0,0.0,-1.0,-1,0,0
1.018673894312262,0.8999364240516117,1.0,1,0.0,0.0,0.0,0,0,0
0.8776275744249616,0.8999364240516117,2.0,1,-1.0,-1.0,-1.0,-1,-1,-1
1.8066333954307443,2.2545883966105977,1.0,1,1.0,1.0,0.0,0,1,1
0.9647728309779147,0.8999364240516117,0.0,1,1.0,1.0,1.0,1,1,1
0.8817829956131686,0.8999364240516117,0.0,1,1.0,1.0,1.0,1,1,1
0.881476867435527,0.8999364240516117,0.0,1,1.0,1.0,1.0,1,1,1
1.782576051632916,2.4012916547352354,0.0,1,2.0,2.0,1.0,1,2,2
0.942953469605682,0.9233264804190746,0.0,1,1.0,1.0,1.0,1,1,1
1.7979247566559744,2.4012916547352354,2.0,1,0.0,0.0,-1.0,-1,0,0
0.9143713588893402,0.8999364240516117,0.0,1,1.0,1.0,1.0,1,1,1
2.0470150008030044,2.2545883966105977,3.0,1,-1.0,-1.0,-2.0,-2,-1,-1
0.6862156483680866,0.6734406009144644,0.0,1,1.0,1.0,1.0,1,1,1
1.0400554467735008,0.9233264804190746,1.0,1,0.0,0.0,0.0,0,0,0
0.7874273710052968,0.8855590755906305,0.0,1,1.0,1.0,1.0,1,1,1
0.8438560641771894,0.6734406009144644,0.0,1,1.0,1.0,1.0,1,1,1
1.688171512927023,2.4012916547352354,0.0,1,2.0,2.0,1.0,1,2,2
0.9627291753419128,0.9233264804190746,1.0,1,0.0,0.0,0.0,0,0,0
0.7983513647579945,0.6909438524715146,0.0,1,1.0,1.0,1.0,1,1,1
1.2677328892020574,0.8855590755906305,0.0,1,1.0,1.0,1.0,1,1,1
1.292992484458032,0.8999364240516117,1.0,1,0.0,0.0,0.0,0,0,0
0.8867845968318235,0.8999364240516117,1.0,1,0.0,0.0,0.0,0,0,0
0.8016960867106516,0.6734406009144644,1.0,1,0.0,0.0,0.0,0,0,0
2.267266096982525,2.4983316972561838,1.0,1,1.0,1.0,0.0,0,1,1
0.8740778110616834,0.8999364240516117,3.0,1,-2.0,-2.0,-2.0,-2,-2,-2
0.8771011297027733,0.8999364240516117,0.0,1,1.0,1.0,1.0,1,1,1
0.8808637295395537,0.8999364240516117,2.0,1,-1.0,-1.0,-1.0,-1,-1,-1
0.7858200364171682,0.8855590755906305,1.0,1,0.0,0.0,0.0,0,0,0
0.874105452143758,0.8999364240516117,1.0,1,0.0,0.0,0.0,0,0,0
0.9174869440293943,0.9233264804190746,2.0,1,-1.0,-1.0,-1.0,-1,-1,-1
1.1699648908244447,1.34266805539438,0.0,1,1.0,1.0,1.0,1,1,1
0.7011902100878163,0.6734406009144644,0.0,1,1.0,1.0,1.0,1,1,1
0.7143982996819941,0.6909438524715146,0.0,1,1.0,1.0,1.0,1,1,1
0.7025489890482933,0.6734406009144644,0.0,1,1.0,1.0,1.0,1,1,1
1.6374175232755395,2.2545883966105977,2.0,1,0.0,0.0,-1.0,-1,0,0
0.7980087199988207,0.8855590755906305,2.0,1,-1.0,-1.0,-1.0,-1,-1,-1
1.0109974455912145,1.2606397945132812,0.0,1,1.0,1.0,1.0,1,1,1
1.2230341701629044,1.3969274224021562,1.0,1,0.0,0.0,0.0,0,0,0
0.7245354074182477,0.6734406009144644,1.0,1,0.0,0.0,0.0,0,0,0
0.7802958114849524,0.8855590755906305,0.0,1,1.0,1.0,1.0,1,1,1
1.0869052760608955,0.8999364240516117,1.0,1,0.0,0.0,0.0,0,0,0
0.7998227476156305,1.297145013928731,1.0,0,0.0,0.0,-1.0,-1,0,0
0.9146256569354554,0.9233264804190746,1.0,1,0.0,0.0,0.0,0,0,0
1.9741233348694702,2.2545883966105977,3.0,1,-1.0,-1.0,-2.0,-2,-1,-1
0.9900628790332876,0.8999364240516117,0.0,1,1.0,1.0,1.0,1,1,1
0.694483109388634,0.6734406009144644,0.0,1,1.0,1.0,1.0,1,1,1
0.8786442427899432,0.8999364240516117,2.0,1,-1.0,-1.0,-1.0,-1,-1,-1
0.8940147070148358,0.9233264804190746,0.0,1,1.0,1.0,1.0,1,1,1
1.6578478996589463,2.4012916547352354,3.0,1,-1.0,-1.0,-2.0,-2,-1,-1
0.6492691520130868,0.662681740701285,0.0,1,1.0,1.0,1.0,1,1,1
1.6365350388074107,2.319876073921763,4.0,1,-2.0,-2.0,-3.0,-3,-2,-2
0.7031669330988483,0.6734406009144644,2.0,1,-1.0,-1.0,-1.0,-1,-1,-1
1.9690500132291275,2.2545883966105977,3.0,1,-1.0,-1.0,-2.0,-2,-1,-1
1.9697041943279214,2.4983316972561838,1.0,1,1.0,1.0,0.0,0,1,1
0.7879346042223365,0.8855590755906305,0.0,1,1.0,1.0,1.0,1,1,1
1.739361905768889,2.2545883966105977,2.0,1,0.0,0.0,-1.0,-1,0,0
0.9686317777289988,1.2606397945132812,0.0,1,1.0,1.0,1.0,1,1,1
0.9188372213456097,0.6734406009144644,1.0,1,0.0,0.0,0.0,0,0,0
0.7094262967382237,0.6734406009144644,1.0,1,0.0,0.0,0.0,0,0,0
0.7943744301327859,0.8855590755906305,1.0,1,0.0,0.0,0.0,0,0,0
0.8924942281442526,0.8999364240516117,1.0,1,0.0,0.0,0.0,0,0,0
2.061679296675661,2.2545883966105977,2.0,1,0.0,0.0,-1.0,-1,0,0
0.8736219739885718,0.8999364240516117,0.0,1,1.0,1.0,1.0,1,1,1
1.7842033833868556,2.2545883966105977,3.0,1,-1.0,-1.0,-2.0,-2,-1,-1
2.292624998057757,2.4983316972561838,3.0,1,-1.0,-1.0,-2.0,-2,-1,-1
0.8038282711558379,0.8319735108293898,1.0,1,0.0,0.0,0.0,0,0,0
1.5260214778842913,0.8999364240516117,2.0,1,0.0,-1.0,-1.0,-1,0,-1
0.984172414626114,0.8999364240516117,0.0,1,1.0,1.0,1.0,1,1,1
0.7273230676522477,0.6909438524715146,0.0,1,1.0,1.0,1.0,1,1,1
0.9332734941711911,0.6734406009144644,1.0,1,0.0,0.0,0.0,0,0,0
1.3244290084469887,0.8999364240516117,0.0,1,1.0,1.0,1.0,1,1,1
0.6826386615558131,0.6225825803953996,0.0,1,1.0,1.0,1.0,1,1,1
0.7011902100878163,0.6734406009144644,0.0,1,1.0,1.0,1.0,1,1,1
1.8193176445825316,2.4983316972561838,2.0,1,0.0,0.0,-1.0,-1,0,0
2.1688296346344336,2.2545883966105977,3.0,1,-1.0,-1.0,-2.0,-2,-1,-1
0.8080020868016902,0.8319735108293898,0.0,1,1.0,1.0,1.0,1,1,1
0.7399271504996092,0.0044802032461488915,0.0,1,1.0,0.0,1.0,1,1,0
0.7964354611383745,0.8855590755906305,0.0,1,1.0,1.0,1.0,1,1,1
0.7458488749778598,0.6734406009144644,1.0,1,0.0,0.0,0.0,0,0,0
1.0589409531605156,0.8999364240516117,1.0,1,0.0,0.0,0.0,0,0,0
1.6382983514071845,2.2545883966105977,2.0,1,0.0,0.0,-1.0,-1,0,0
0.943719041441023,0.9233264804190746,0.0,1,1.0,1.0,1.0,1,1,1
1.0364145847776083,1.2606397945132812,1.0,1,0.0,0.0,0.0,0,0,0
1.6945455844781074,2.2545883966105977,1.0,1,1.0,1.0,0.0,0,1,1
1.312765737385636,0.8999364240516117,1.0,1,0.0,0.0,0.0,0,0,0
0.6260420776198612,0.662681740701285,0.0,1,1.0,1.0,1.0,1,1,1
0.9229396399968779,0.9233264804190746,2.0,1,-1.0,-1.0,-1.0,-1,-1,-1
2.030602306612142,2.4012916547352354,3.0,1,-1.0,-1.0,-2.0,-2,-1,-1
0.8961821371728377,0.9233264804190746,0.0,1,1.0,1.0,1.0,1,1,1
1.0607525926768546,0.8855590755906305,1.0,1,0.0,0.0,0.0,0,0,0
2.0695223298752174,2.4012916547352354,0.0,1,2.0,2.0,1.0,1,2,2
0.6374152863485196,0.662681740701285,0.0,1,1.0,1.0,1.0,1,1,1
0.9470578642788374,0.8855590755906305,2.0,1,-1.0,-1.0,-1.0,-1,-1,-1
1.7936750474412009,2.4983316972561838,0.0,1,2.0,2.0,1.0,1,2,2
0.9126154917914939,0.8999364240516117,2.0,1,-1.0,-1.0,-1.0,-1,-1,-1
2.128768298055571,2.2545883966105977,3.0,1,-1.0,-1.0,-2.0,-2,-1,-1
0.8520408920864164,0.6734406009144644,1.0,1,0.0,0.0,0.0,0,0,0
1.0290378973010537,0.8319735108293898,2.0,1,-1.0,-1.0,-1.0,-1,-1,-1
1.1585346464834778,1.34266805539438,0.0,1,1.0,1.0,1.0,1,1,1
0.3780467328936402,0.0006464489005859334,1.0,0,-1.0,-1.0,-1.0,-1,-1,-1
0.8504752468467741,0.8319735108293898,1.0,1,0.0,0.0,0.0,0,0,0
0.8231878025991943,0.8319735108293898,0.0,1,1.0,1.0,1.0,1,1,1
1.9507487231875345,2.2545883966105977,2.0,1,0.0,0.0,-1.0,-1,0,0
0.8517734986522555,0.8319735108293898,2.0,1,-1.0,-1.0,-1.0,-1,-1,-1
1.2433879278001865,1.34266805539438,0.0,1,1.0,1.0,1.0,1,1,1
1.1152601970812208,0.8319735108293898,1.0,1,0.0,0.0,0.0,0,0,0
1.9497430564756126,2.1422456672471526,3.0,1,-1.0,-1.0,-2.0,-2,-1,-1
0.7171871758802524,0.6909438524715146,1.0,1,0.0,0.0,0.0,0,0,0
1.0841827084078741,1.1978240204798911,0.0,1,1.0,1.0,1.0,1,1,1
0.9006898895284163,0.8319735108293898,0.0,1,1.0,1.0,1.0,1,1,1
0.8820917660580587,0.6225825803953996,1.0,1,0.0,0.0,0.0,0,0,0
0.6824764193548889,0.6225825803953996,0.0,1,1.0,1.0,1.0,1,1,1
0.73692780860379,0.6909438524715146,1.0,1,0.0,0.0,0.0,0,0,0
1.2340999116240643,0.8999364240516117,0.0,1,1.0,1.0,1.0,1,1,1
2.19327372768716,2.4012916547352354,1.0,1,1.0,1.0,0.0,0,1,1
1.5371631892276283,0.8855590755906305,2.0,1,0.0,-1.0,-1.0,-1,0,-1
1.0847394169571047,0.8999364240516117,0.0,1,1.0,1.0,1.0,1,1,1
1.9313234184383492,2.1422456672471526,3.0,1,-1.0,-1.0,-2.0,-2,-1,-1
0.944927414895597,0.8999364240516117,0.0,1,1.0,1.0,1.0,1,1,1
1.0105585434653195,1.34266805539438,1.0,1,0.0,0.0,0.0,0,0,0
0.8469658289050634,0.6734406009144644,2.0,1,-1.0,-1.0,-1.0,-1,-1,-1
0.8707774620087099,0.8999364240516117,1.0,1,0.0,0.0,0.0,0,0,0
1.324326618526573,0.8999364240516117,0.0,1,1.0,1.0,1.0,1,1,1
0.6457113056065042,0.6225825803953996,0.0,1,1.0,1.0,1.0,1,1,1
0.8761878846696208,0.8999364240516117,1.0,1,0.0,0.0,0.0,0,0,0
2.198237712939704,2.2545883966105977,3.0,1,-1.0,-1.0,-2.0,-2,-1,-1
1.9611303954127812,2.1422456672471526,1.0,1,1.0,1.0,0.0,0,1,1
1.3172907820899133,0.8319735108293898,0.0,1,1.0,1.0,1.0,1,1,1
0.7265156245979714,0.6909438524715146,0.0,1,1.0,1.0,1.0,1,1,1
0.8078871215897003,0.8319735108293898,1.0,1,0.0,0.0,0.0,0,0,0
0.7847445795075167,0.8855590755906305,0.0,1,1.0,1.0,1.0,1,1,1
0.5389026093336466,0.0044802032461488915,1.0,1,0.0,-1.0,0.0,0,0,-1
0.8058367289609937,1.297145013928731,1.0,0,0.0,0.0,-1.0,-1,0,0
0.8857707814559487,0.8999364240516117,0.0,1,1.0,1.0,1.0,1,1,1
0.9042703671491112,0.8319735108293898,2.0,1,-1.0,-1.0,-1.0,-1,-1,-1
1.3016024120375371,0.8999364240516117,1.0,1,0.0,0.0,0.0,0,0,0
1.7338012809275039,2.2545883966105977,3.0,1,-1.0,-1.0,-2.0,-2,-1,-1
0.8021518581129952,0.8855590755906305,0.0,1,1.0,1.0,1.0,1,1,1
0.823195342081455,0.8319735108293898,0.0,1,1.0,1.0,1.0,1,1,1
1.9844772432676256,2.1422456672471526,4.0,1,-2.0,-2.0,-3.0,-3,-2,-2
1.5469218107872573,0.8999364240516117,0.0,1,2.0,1.0,1.0,1,2,1
1.9272547431358755,2.4983316972561838,2.0,1,0.0,0.0,-1.0,-1,0,0
0.8965391193513783,0.9233264804190746,0.0,1,1.0,1.0,1.0,1,1,1
0.9267684356476066,0.8999364240516117,0.0,1,1.0,1.0,1.0,1,1,1
1.1313649786640925,1.34266805539438,0.0,1,1.0,1.0,1.0,1,1,1
0.9385980021535414,1.1978240204798911,2.0,1,-1.0,-1.0,-1.0,-1,-1,-1
2.1631633596296918,2.2545883966105977,2.0,1,0.0,0.0,-1.0,-1,0,0
0.9761724774012461,0.8999364240516117,1.0,1,0.0,0.0,0.0,0,0,0
0.8939268517285238,0.8999364240516117,0.0,1,1.0,1.0,1.0,1,1,1
0.6373406159893553,0.6225825803953996,0.0,1,1.0,1.0,1.0,1,1,1
0.9306403898754394,0.9233264804190746,2.0,1,-1.0,-1.0,-1.0,-1,-1,-1
0.7997661842118334,0.8319735108293898,0.0,1,1.0,1.0,1.0,1,1,1
0.8034465922094767,0.8319735108293898,0.0,1,1.0,1.0,1.0,1,1,1
2.074892356646525,2.4012916547352354,1.0,1,1.0,1.0,0.0,0,1,1
0.7544199013311528,0.6225825803953996,0.0,1,1.0,1.0,1.0,1,1,1
0.6916890287933228,0.6734406009144644,1.0,1,0.0,0.0,0.0,0,0,0
1.018397833745058,0.9233264804190746,1.0,1,0.0,0.0,0.0,0,0,0
0.637355348538952,0.6225825803953996,0.0,1,1.0,1.0,1.0,1,1,1
1.9769392709895754,2.1422456672471526,2.0,1,0.0,0.0,-1.0,-1,0,0
0.3621874912325025,0.0044802032461488915,0.0,1,0.0,0.0,1.0,1,0,0
2.062422103205651,2.1422456672471526,1.0,1,1.0,1.0,0.0,0,1,1
2.1607718597968466,2.2545883966105977,2.0,1,0.0,0.0,-1.0,-1,0,0
2.1821560556377855,2.2545883966105977,2.0,1,0.0,0.0,-1.0,-1,0,0
1.3608152756095389,0.8999364240516117,1.0,1,0.0,0.0,0.0,0,0,0
0.661945826349637,0.6225825803953996,1.0,1,0.0,0.0,0.0,0,0,0
1.154257653646507,1.2606397945132812,1.0,1,0.0,0.0,0.0,0,0,0
1.0073660412924308,0.8999364240516117,0.0,1,1.0,1.0,1.0,1,1,1
0.9248663418177479,0.8999364240516117,1.0,1,0.0,0.0,0.0,0,0,0
0.9073172728243075,0.8999364240516117,0.0,1,1.0,1.0,1.0,1,1,1
2.4115656588336,2.4983316972561838,3.0,1,-1.0,-1.0,-2.0,-2,-1,-1
0.8969986711922978,0.9233264804190746,0.0,1,1.0,1.0,1.0,1,1,1
0.8060173782965258,0.8319735108293898,1.0,1,0.0,0.0,0.0,0,0,0
2.280590792373279,2.4012916547352354,3.0,1,-1.0,-1.0,-2.0,-2,-1,-1
2.297981514422604,2.4983316972561838,3.0,1,-1.0,-1.0,-2.0,-2,-1,-1
1.8456978589001527,2.1422456672471526,2.0,1,0.0,0.0,-1.0,-1,0,0
1.1138536083202113,1.2606397945132812,2.0,1,-1.0,-1.0,-1.0,-1,-1,-1
0.9469492612679424,0.8999364240516117,0.0,1,1.0,1.0,1.0,1,1,1
1.1646535454672824,1.2606397945132812,2.0,1,-1.0,-1.0,-1.0,-1,-1,-1
1.619244146434034,2.2545883966105977,0.0,1,2.0,2.0,1.0,1,2,2
0.811551225980718,0.8319735108293898,0.0,1,1.0,1.0,1.0,1,1,1
2.366197721729031,2.4983316972561838,3.0,1,-1.0,-1.0,-2.0,-2,-1,-1
0.8227230936182929,0.8319735108293898,1.0,1,0.0,0.0,0.0,0,0,0
0.389725264934077,0.0006464489005859334,0.0,0,0.0,0.0,0.0,0,0,0
1.038790766291155,1.2606397945132812,2.0,1,-1.0,-1.0,-1.0,-1,-1,-1
1.0932568791269563,0.8999364240516117,2.0,1,-1.0,-1.0,-1.0,-1,-1,-1
0.6296455259922322,0.6225825803953996,0.0,1,1.0,1.0,1.0,1,1,1
0.7950408401007437,0.8855590755906305,2.0,1,-1.0,-1.0,-1.0,-1,-1,-1
0.8429914194152175,0.8319735108293898,1.0,1,0.0,0.0,0.0,0,0,0
1.751039391329884,2.2545883966105977,1.0,1,1.0,1.0,0.0,0,1,1
0.637600823028365,0.6225825803953996,1.0,1,0.0,0.0,0.0,0,0,0
2.1245071351457336,2.2545883966105977,2.0,1,0.0,0.0,-1.0,-1,0,0
1.1659547520788471,1.2606397945132812,2.0,1,-1.0,-1.0,-1.0,-1,-1,-1
0.8931256032347656,0.8999364240516117,0.0,1,1.0,1.0,1.0,1,1,1
0.7137710527611683,0.6734406009144644,0.0,1,1.0,1.0,1.0,1,1,1
0.8936597540941272,0.9233264804190746,0.0,1,1.0,1.0,1.0,1,1,1
0.998055104128095,1.2606397945132812,0.0,1,1.0,1.0,1.0,1,1,1
0.8865547902043693,0.8319735108293898,0.0,1,1.0,1.0,1.0,1,1,1
1.0013096630435363,0.9233264804190746,1.0,1,0.0,0.0,0.0,0,0,0
0.9967844687441079,1.2606397945132812,1.0,1,0.0,0.0,0.0,0,0,0
2.1929465120444167,2.2545883966105977,3.0,1,-1.0,-1.0,-2.0,-2,-1,-1
0.8117562174462791,0.8319735108293898,0.0,1,1.0,1.0,1.0,1,1,1
0.9254152616613871,0.9233264804190746,1.0,1,0.0,0.0,0.0,0,0,0
1.865131094653122,2.2545883966105977,1.0,1,1.0,1.0,0.0,0,1,1
1.967636717637676,2.2545883966105977,2.0,1,0.0,0.0,-1.0,-1,0,0
1.013101323181275,1.2606397945132812,1.0,1,0.0,0.0,0.0,0,0,0
1.0424616198986518,0.8999364240516117,0.0,1,1.0,1.0,1.0,1,1,1
2.136199209111632,2.2545883966105977,0.0,1,2.0,2.0,1.0,1,2,2
0.7136063692089497,0.6734406009144644,0.0,1,1.0,1.0,1.0,1,1,1
0.8080593497097242,0.8319735108293898,1.0,1,0.0,0.0,0.0,0,0,0
0.759471204786611,0.6225825803953996,0.0,1,1.0,1.0,1.0,1,1,1
0.9234507446578715,0.662681740701285,3.0,1,-2.0,-2.0,-2.0,-2,-2,-2
1.5316219450387427,2.1422456672471526,1.0,1,1.0,1.0,0.0,0,1,1
2.161234977826812,2.2545883966105977,3.0,1,-1.0,-1.0,-2.0,-2,-1,-1
0.9391116508819614,0.6734406009144644,0.0,1,1.0,1.0,1.0,1,1,1
0.8574072155808524,0.662681740701285,0.0,1,1.0,1.0,1.0,1,1,1
2.0068647966930144,2.2545883966105977,0.0,1,2.0,2.0,1.0,1,2,2
0.6673400511066983,0.6734406009144644,2.0,1,-1.0,-1.0,-1.0,-1,-1,-1
1.7438526816954771,2.1422456672471526,1.0,1,1.0,1.0,0.0,0,1,1
0.8643176277472578,0.8319735108293898,0.0,1,1.0,1.0,1.0,1,1,1
1.2640211753354211,1.3969274224021562,1.0,1,0.0,0.0,0.0,0,0,0
1.289496621346217,0.8999364240516117,2.0,1,-1.0,-1.0,-1.0,-1,-1,-1
0.9150264272523423,0.8319735108293898,0.0,1,1.0,1.0,1.0,1,1,1
0.6210658043944852,0.6225825803953996,2.0,1,-1.0,-1.0,-1.0,-1,-1,-1
0.6035304780170505,0.0006464489005859334,1.0,0,0.0,-1.0,-1.0,-1,0,-1
0.6916890287933228,0.6734406009144644,0.0,1,1.0,1.0,1.0,1,1,1
0.8029282961136106,0.8319735108293898,0.0,1,1.0,1.0,1.0,1,1,1
0.7849703919868658,0.8855590755906305,0.0,1,1.0,1.0,1.0,1,1,1
0.8411546817517915,0.8319735108293898,0.0,1,1.0,1.0,1.0,1,1,1
1.1057782610828486,0.8999364240516117,1.0,1,0.0,0.0,0.0,0,0,0
0.9397418762114582,0.8999364240516117,0.0,1,1.0,1.0,1.0,1,1,1
1.9492602192464812,2.319876073921763,3.0,1,-1.0,-1.0,-2.0,-2,-1,-1
0.905221934014087,0.8999364240516117,3.0,1,-2.0,-2.0,-2.0,-2,-2,-2
0.6010171632811173,0.5832416351310208,1.0,1,0.0,0.0,0.0,0,0,0
0.6783906490422901,0.6225825803953996,0.0,1,1.0,1.0,1.0,1,1,1
1.136937724196262,1.3969274224021562,1.0,1,0.0,0.0,0.0,0,0,0
0.8184983076162631,0.8319735108293898,0.0,1,1.0,1.0,1.0,1,1,1
0.43085394126340415,0.0044802032461488915,0.0,1,0.0,0.0,1.0,1,0,0
0.9504823994960514,1.140148516603595,1.0,1,0.0,0.0,0.0,0,0,0
1.9556485259232224,2.2545883966105977,1.0,1,1.0,1.0,0.0,0,1,1
1.6571310782604431,2.4012916547352354,0.0,1,2.0,2.0,1.0,1,2,2
1.7073535453496518,2.2545883966105977,0.0,1,2.0,2.0,1.0,1,2,2
1.2480859720766242,0.7794011688114603,2.0,1,-1.0,-1.0,-1.0,-1,-1,-1
1.3749762771036624,0.8999364240516117,0.0,1,1.0,1.0,1.0,1,1,1
0.9805108548135879,0.8999364240516117,0.0,1,1.0,1.0,1.0,1,1,1
1.3262955327207848,0.8319735108293898,0.0,1,1.0,1.0,1.0,1,1,1
1.8688238125141634,2.1422456672471526,1.0,1,1.0,1.0,0.0,0,1,1
0.8397603030351297,0.8319735108293898,1.0,1,0.0,0.0,0.0,0,0,0
0.713124620552781,0.5832416351310208,1.0,1,0.0,0.0,0.0,0,0,0
0.8814386806635065,0.8999364240516117,1.0,1,0.0,0.0,0.0,0,0,0
1.888853210606326,2.1422456672471526,1.0,1,1.0,1.0,0.0,0,1,1
1.8861450119692544,2.2545883966105977,1.0,1,1.0,1.0,0.0,0,1,1
0.562791881623937,0.5832416351310208,0.0,1,1.0,1.0,1.0,1,1,1
2.122306640371303,2.2545883966105977,2.0,1,0.0,0.0,-1.0,-1,0,0
0.30766006739562357,0.0044802032461488915,0.0,1,0.0,0.0,1.0,1,0,0
0.9608250617615867,0.8999364240516117,2.0,1,-1.0,-1.0,-1.0,-1,-1,-1
2.353924148809539,2.4983316972561838,3.0,1,-1.0,-1.0,-2.0,-2,-1,-1
0.6326299513227436,0.6225825803953996,1.0,1,0.0,0.0,0.0,0,0,0
0.800322065824743,0.8319735108293898,1.0,1,0.0,0.0,0.0,0,0,0
0.6384962856706687,0.662681740701285,1.0,1,0.0,0.0,0.0,0,0,0
0.7783351522117254,0.6734406009144644,1.0,1,0.0,0.0,0.0,0,0,0
0.8811602031986936,0.8999364240516117,1.0,1,0.0,0.0,0.0,0,0,0
0.8922642044933813,0.8319735108293898,3.0,1,-2.0,-2.0,-2.0,-2,-2,-2
0.9002240102771577,0.8999364240516117,0.0,1,1.0,1.0,1.0,1,1,1
2.264992088921086,2.4983316972561838,2.0,1,0.0,0.0,-1.0,-1,0,0
0.7314304383768636,0.7794011688114603,2.0,1,-1.0,-1.0,-1.0,-1,-1,-1
1.036140441386741,1.1978240204798911,0.0,1,1.0,1.0,1.0,1,1,1
2.177005251518607,2.2545883966105977,4.0,1,-2.0,-2.0,-3.0,-3,-2,-2
0.925102476721945,0.8999364240516117,1.0,1,0.0,0.0,0.0,0,0,0
0.8073110576670995,0.7794011688114603,0.0,1,1.0,1.0,1.0,1,1,1
0.8851215706940618,0.8319735108293898,2.0,1,-1.0,-1.0,-1.0,-1,-1,-1
0.5752825112019251,0.5832416351310208,0.0,1,1.0,1.0,1.0,1,1,1
0.8231298129970046,0.8319735108293898,0.0,1,1.0,1.0,1.0,1,1,1
0.8246778649688505,0.8319735108293898,1.0,1,0.0,0.0,0.0,0,0,0
0.9014516627461847,0.8319735108293898,0.0,1,1.0,1.0,1.0,1,1,1
1.6006332014048876,2.0390960424501885,1.0,1,1.0,1.0,0.0,0,1,1
0.8930447708181835,0.8999364240516117,1.0,1,0.0,0.0,0.0,0,0,0
0.8167120472729692,0.7794011688114603,0.0,1,1.0,1.0,1.0,1,1,1
0.8642286425219202,0.7794011688114603,1.0,1,0.0,0.0,0.0,0,0,0
1.6312886909446496,2.1422456672471526,1.0,1,1.0,1.0,0.0,0,1,1
1.5263740290008734,0.8999364240516117,2.0,1,0.0,-1.0,-1.0,-1,0,-1
1.15032800686635,0.8999364240516117,0.0,1,1.0,1.0,1.0,1,1,1
0.7995385812319068,0.8319735108293898,0.0,1,1.0,1.0,1.0,1,1,1
1.4250688992266136,0.9233264804190746,0.0,1,1.0,1.0,1.0,1,1,1
1.1972591934768173,1.2606397945132812,4.0,1,-3.0,-3.0,-3.0,-3,-3,-3
1.9451399269186225,2.1422456672471526,2.0,1,0.0,0.0,-1.0,-1,0,0
0.9588354326764307,1.1978240204798911,1.0,1,0.0,0.0,0.0,0,0,0
0.8748672295236292,0.8999364240516117,0.0,1,1.0,1.0,1.0,1,1,1
0.6241938156882831,0.6225825803953996,0.0,1,1.0,1.0,1.0,1,1,1
0.9787497044579226,0.8999364240516117,1.0,1,0.0,0.0,0.0,0,0,0
0.862771980752784,0.6734406009144644,2.0,1,-1.0,-1.0,-1.0,-1,-1,-1
0.9253090357529726,0.8999364240516117,1.0,1,0.0,0.0,0.0,0,0,0
0.5908324369671397,0.5832416351310208,1.0,1,0.0,0.0,0.0,0,0,0
0.8763973867077332,0.8999364240516117,0.0,1,1.0,1.0,1.0,1,1,1
0.8259427759276062,0.8319735108293898,1.0,1,0.0,0.0,0.0,0,0,0
0.6385080932458214,0.6225825803953996,0.0,1,1.0,1.0,1.0,1,1,1
0.9087701834397167,0.9233264804190746,1.0,1,0.0,0.0,0.0,0,0,0
1.9746501844178197,2.2545883966105977,2.0,1,0.0,0.0,-1.0,-1,0,0
0.8922628029457809,0.9233264804190746,0.0,1,1.0,1.0,1.0,1,1,1
0.5820811668790784,0.5832416351310208,1.0,1,0.0,0.0,0.0,0,0,0
0.7093743811197479,0.6734406009144644,0.0,1,1.0,1.0,1.0,1,1,1
0.8103113299955789,0.8855590755906305,0.0,1,1.0,1.0,1.0,1,1,1
0.752196614883183,0.7794011688114603,1.0,1,0.0,0.0,0.0,0,0,0
0.6007768804319256,0.5832416351310208,0.0,1,1.0,1.0,1.0,1,1,1
0.7779520634576457,0.7794011688114603,1.0,1,0.0,0.0,0.0,0,0,0
0.9485971413086164,0.8999364240516117,1.0,1,0.0,0.0,0.0,0,0,0
0.7026089847555098,0.6734406009144644,0.0,1,1.0,1.0,1.0,1,1,1
0.7240776426444522,0.6734406009144644,1.0,1,0.0,0.0,0.0,0,0,0
0.6368946284087774,0.5832416351310208,1.0,1,0.0,0.0,0.0,0,0,0
1.6000744130252489,2.0390960424501885,3.0,1,-1.0,-1.0,-2.0,-2,-1,-1
0.8039463744079205,0.8319735108293898,1.0,1,0.0,0.0,0.0,0,0,0
1.12878600059454,0.9233264804190746,0.0,1,1.0,1.0,1.0,1,1,1
0.7875797094884298,0.8855590755906305,0.0,1,1.0,1.0,1.0,1,1,1
1.5113565713224582,0.8999364240516117,2.0,1,0.0,-1.0,-1.0,-1,0,-1
1.0909539122367486,0.7794011688114603,0.0,1,1.0,1.0,1.0,1,1,1
1.5187602952780055,2.319876073921763,2.0,1,0.0,0.0,-1.0,-1,0,0
0.6704603318354299,0.6734406009144644,1.0,1,0.0,0.0,0.0,0,0,0
0.9163609627403346,0.8999364240516117,1.0,1,0.0,0.0,0.0,0,0,0
1.21429304999871,0.8999364240516117,0.0,1,1.0,1.0,1.0,1,1,1
1.1240798800031957,0.8319735108293898,2.0,1,-1.0,-1.0,-1.0,-1,-1,-1
1.1707792152951526,1.34266805539438,2.0,1,-1.0,-1.0,-1.0,-1,-1,-1
0.9038841016158052,0.8319735108293898,2.0,1,-1.0,-1.0,-1.0,-1,-1,-1
0.9588828148015327,0.8999364240516117,1.0,1,0.0,0.0,0.0,0,0,0
1.5534429110299857,0.9233264804190746,0.0,1,2.0,1.0,1.0,1,2,1
1.6613301530083189,2.1422456672471526,2.0,1,0.0,0.0,-1.0,-1,0,0
2.309052987170853,2.4012916547352354,2.0,1,0.0,0.0,-1.0,-1,0,0
1.8954711029524194,2.1422456672471526,0.0,1,2.0,2.0,1.0,1,2,2
0.9385065643830632,0.8999364240516117,0.0,1,1.0,1.0,1.0,1,1,1
1.1614677890136913,0.8319735108293898,2.0,1,-1.0,-1.0,-1.0,-1,-1,-1
0.6704047134579979,0.662681740701285,0.0,1,1.0,1.0,1.0,1,1,1
0.817005842132526,0.8319735108293898,0.0,1,1.0,1.0,1.0,1,1,1
0.733074974550406,0.7794011688114603,2.0,1,-1.0,-1.0,-1.0,-1,-1,-1
0.7709131754914318,0.7794011688114603,0.0,1,1.0,1.0,1.0,1,1,1
0.5843382683567828,0.5832416351310208,0.0,1,1.0,1.0,1.0,1,1,1
0.8928107176690327,0.9233264804190746,0.0,1,1.0,1.0,1.0,1,1,1
0.5822795069210835,0.5832416351310208,0.0,1,1.0,1.0,1.0,1,1,1
1.4541348894733195,0.8999364240516117,2.0,1,-1.0,-1.0,-1.0,-1,-1,-1
0.8171684910055803,0.7794011688114603,1.0,1,0.0,0.0,0.0,0,0,0
0.8164755138356408,0.8319735108293898,0.0,1,1.0,1.0,1.0,1,1,1
0.879322457972605,0.8999364240516117,0.0,1,1.0,1.0,1.0,1,1,1
0.9390987801804026,0.7794011688114603,0.0,1,1.0,1.0,1.0,1,1,1
0.8066839708189179,0.7794011688114603,1.0,1,0.0,0.0,0.0,0,0,0
0.7570889478468231,0.7794011688114603,0.0,1,1.0,1.0,1.0,1,1,1
0.747544006826762,0.6734406009144644,1.0,1,0.0,0.0,0.0,0,0,0
0.7319776301009226,0.6734406009144644,0.0,1,1.0,1.0,1.0,1,1,1
0.8079662821462368,0.8319735108293898,0.0,1,1.0,1.0,1.0,1,1,1
0.753208671511312,0.7794011688114603,0.0,1,1.0,1.0,1.0,1,1,1
0.7644042369342406,0.6909438524715146,0.0,1,1.0,1.0,1.0,1,1,1
0.9092268474123384,0.9233264804190746,2.0,1,-1.0,-1.0,-1.0,-1,-1,-1
0.8413750564800634,0.7794011688114603,0.0,1,1.0,1.0,1.0,1,1,1
0.8185162993331165,0.8319735108293898,0.0,1,1.0,1.0,1.0,1,1,1
1.6246663438534181,0.9233264804190746,1.0,1,1.0,0.0,0.0,0,1,0
0.7451993119800131,0.6734406009144644,1.0,1,0.0,0.0,0.0,0,0,0
0.8436137950282695,0.8319735108293898,0.0,1,1.0,1.0,1.0,1,1,1
1.047855594007017,0.8999364240516117,0.0,1,1.0,1.0,1.0,1,1,1
0.8647866509128169,0.8855590755906305,1.0,1,0.0,0.0,0.0,0,0,0
1.9463773935065827,2.1422456672471526,3.0,1,-1.0,-1.0,-2.0,-2,-1,-1
0.9036339659079908,0.9233264804190746,0.0,1,1.0,1.0,1.0,1,1,1
0.9224195939563498,0.8999364240516117,0.0,1,1.0,1.0,1.0,1,1,1
0.3082447618319808,0.0044802032461488915,0.0,1,0.0,0.0,1.0,1,0,0
0.847392845334699,0.8319735108293898,0.0,1,1.0,1.0,1.0,1,1,1
1.968061069027367,2.2545883966105977,3.0,1,-1.0,-1.0,-2.0,-2,-1,-1
1.153679040065549,1.34266805539438,2.0,1,-1.0,-1.0,-1.0,-1,-1,-1
1.0143007780398212,0.7794011688114603,0.0,1,1.0,1.0,1.0,1,1,1
0.7563314971321642,0.7794011688114603,0.0,1,1.0,1.0,1.0,1,1,1
0.850304911036559,0.8319735108293898,1.0,1,0.0,0.0,0.0,0,0,0
2.1303497696894027,2.2545883966105977,1.0,1,1.0,1.0,0.0,0,1,1
0.8686660722797006,0.6225825803953996,1.0,1,0.0,0.0,0.0,0,0,0
2.1519870314434613,2.2545883966105977,2.0,1,0.0,0.0,-1.0,-1,0,0
0.8009387964546262,0.8319735108293898,0.0,1,1.0,1.0,1.0,1,1,1
0.8958263410264676,0.8999364240516117,0.0,1,1.0,1.0,1.0,1,1,1
1.652701955126426,2.0390960424501885,3.0,1,-1.0,-1.0,-2.0,-2,-1,-1
0.7058653774705933,0.6909438524715146,1.0,1,0.0,0.0,0.0,0,0,0
1.1284709145666156,1.34266805539438,2.0,1,-1.0,-1.0,-1.0,-1,-1,-1
0.8231493341486075,0.8319735108293898,0.0,1,1.0,1.0,1.0,1,1,1
0.8821060659410178,0.8999364240516117,0.0,1,1.0,1.0,1.0,1,1,1
0.7892282446026546,0.8855590755906305,0.0,1,1.0,1.0,1.0,1,1,1
0.7271121300499109,0.6734406009144644,1.0,1,0.0,0.0,0.0,0,0,0
0.5726047669650053,0.5832416351310208,0.0,1,1.0,1.0,1.0,1,1,1
1.1699081029513976,1.34266805539438,3.0,1,-2.0,-2.0,-2.0,-2,-2,-2
2.1733450049186134,2.2545883966105977,3.0,1,-1.0,-1.0,-2.0,-2,-1,-1
1.1386712153129606,1.34266805539438,2.0,1,-1.0,-1.0,-1.0,-1,-1,-1
0.6407847594784606,0.5832416351310208,1.0,1,0.0,0.0,0.0,0,0,0
1.9147406772727533,2.0390960424501885,1.0,1,1.0,1.0,0.0,0,1,1
0.8660954173904271,0.8319735108293898,3.0,1,-2.0,-2.0,-2.0,-2,-2,-2
0.9056509231016738,0.9233264804190746,0.0,1,1.0,1.0,1.0,1,1,1
0.8991943246702999,0.9233264804190746,0.0,1,1.0,1.0,1.0,1,1,1
0.866938948575003,0.7794011688114603,0.0,1,1.0,1.0,1.0,1,1,1
0.749654753207472,0.7794011688114603,0.0,1,1.0,1.0,1.0,1,1,1
1.816894860244768,2.2545883966105977,2.0,1,0.0,0.0,-1.0,-1,0,0
0.7327583363848135,0.7794011688114603,0.0,1,1.0,1.0,1.0,1,1,1
0.9281530766776287,1.1978240204798911,0.0,1,1.0,1.0,1.0,1,1,1
1.167866022879347,0.8999364240516117,1.0,1,0.0,0.0,0.0,0,0,0
0.5702747705183273,0.5832416351310208,0.0,1,1.0,1.0,1.0,1,1,1
0.6174912476496421,0.5832416351310208,1.0,1,0.0,0.0,0.0,0,0,0
1.8126933764959765,2.4012916547352354,0.0,1,2.0,2.0,1.0,1,2,2
1.3592162722637509,0.8855590755906305,1.0,1,0.0,0.0,0.0,0,0,0
1.0514418001015198,0.8319735108293898,0.0,1,1.0,1.0,1.0,1,1,1
0.73572388139566,0.6225825803953996,0.0,1,1.0,1.0,1.0,1,1,1
0.6178265485054115,0.5832416351310208,1.0,1,0.0,0.0,0.0,0,0,0
0.7615055710752984,0.7794011688114603,0.0,1,1.0,1.0,1.0,1,1,1
0.7584351711737475,0.7794011688114603,1.0,1,0.0,0.0,0.0,0,0,0
2.027752543623651,2.2545883966105977,1.0,1,1.0,1.0,0.0,0,1,1
0.5984661749321091,0.5832416351310208,0.0,1,1.0,1.0,1.0,1,1,1
1.4494116730322046,0.8999364240516117,0.0,1,1.0,1.0,1.0,1,1,1
1.7251544475237364,2.4012916547352354,3.0,1,-1.0,-1.0,-2.0,-2,-1,-1
0.6203555546429601,0.5832416351310208,1.0,1,0.0,0.0,0.0,0,0,0
0.7433112298280928,0.5832416351310208,0.0,1,1.0,1.0,1.0,1,1,1
0.7057793119900951,0.6734406009144644,0.0,1,1.0,1.0,1.0,1,1,1
0.901865291902531,0.6909438524715146,0.0,1,1.0,1.0,1.0,1,1,1
0.867464753534721,0.6225825803953996,1.0,1,0.0,0.0,0.0,0,0,0
0.8010694847505047,0.6734406009144644,1.0,1,0.0,0.0,0.0,0,0,0
0.7722309061248651,0.7794011688114603,1.0,1,0.0,0.0,0.0,0,0,0
1.7484308822589052,2.4983316972561838,1.0,1,1.0,1.0,0.0,0,1,1
0.584291102187438,0.5832416351310208,1.0,1,0.0,0.0,0.0,0,0,0
0.7367702017993883,0.7794011688114603,1.0,1,0.0,0.0,0.0,0,0,0
0.7735574680642274,0.7794011688114603,0.0,1,1.0,1.0,1.0,1,1,1
1.9882816027948476,2.2545883966105977,3.0,1,-1.0,-1.0,-2.0,-2,-1,-1
0.8925572312395256,1.140148516603595,1.0,1,0.0,0.0,0.0,0,0,0
0.7524351488546794,0.7794011688114603,0.0,1,1.0,1.0,1.0,1,1,1
1.8249210311055317,2.0390960424501885,4.0,1,-2.0,-2.0,-3.0,-3,-2,-2
1.8684741282306454,2.0390960424501885,2.0,1,0.0,0.0,-1.0,-1,0,0
0.9411155912277556,0.8999364240516117,0.0,1,1.0,1.0,1.0,1,1,1
0.7724169006388975,0.5832416351310208,0.0,1,1.0,1.0,1.0,1,1,1
0.8739969115338041,0.7794011688114603,0.0,1,1.0,1.0,1.0,1,1,1
1.71788037403019,2.0390960424501885,0.0,1,2.0,2.0,1.0,1,2,2
0.796924115746532,0.8855590755906305,0.0,1,1.0,1.0,1.0,1,1,1
0.759747531958663,0.7794011688114603,0.0,1,1.0,1.0,1.0,1,1,1
0.8959437402189641,0.8999364240516117,1.0,1,0.0,0.0,0.0,0,0,0
0.3251400004253825,0.0044802032461488915,0.0,1,0.0,0.0,1.0,1,0,0
0.7725203458630161,0.7794011688114603,2.0,1,-1.0,-1.0,-1.0,-1,-1,-1
0.6132203071642861,0.5832416351310208,0.0,1,1.0,1.0,1.0,1,1,1
0.8296594738797646,0.7794011688114603,0.0,1,1.0,1.0,1.0,1,1,1
1.1087604230105852,0.7794011688114603,1.0,1,0.0,0.0,0.0,0,0,0
0.7788023208296014,0.7794011688114603,0.0,1,1.0,1.0,1.0,1,1,1
0.8348611156841641,0.8855590755906305,1.0,1,0.0,0.0,0.0,0,0,0
0.8945599841438738,0.8319735108293898,1.0,1,0.0,0.0,0.0,0,0,0
0.8952497718813296,0.8999364240516117,1.0,1,0.0,0.0,0.0,0,0,0
0.9096954571411425,0.8999364240516117,1.0,1,0.0,0.0,0.0,0,0,0
0.979188266710378,0.8999364240516117,0.0,1,1.0,1.0,1.0,1,1,1
0.8887308956502229,0.7794011688114603,0.0,1,1.0,1.0,1.0,1,1,1
0.7759227410748806,0.7794011688114603,0.0,1,1.0,1.0,1.0,1,1,1
0.8232812403516161,0.8319735108293898,0.0,1,1.0,1.0,1.0,1,1,1
1.269081185238413,0.9233264804190746,2.0,1,-1.0,-1.0,-1.0,-1,-1,-1
0.7570737364425698,0.7794011688114603,0.0,1,1.0,1.0,1.0,1,1,1
0.9230630947494998,0.8999364240516117,0.0,1,1.0,1.0,1.0,1,1,1
0.586974138264612,0.5832416351310208,0.0,1,1.0,1.0,1.0,1,1,1
0.8359753251924513,0.6225825803953996,0.0,1,1.0,1.0,1.0,1,1,1
2.3051089078331355,2.4012916547352354,4.0,1,-2.0,-2.0,-3.0,-3,-2,-2
0.6393996920803693,0.5832416351310208,0.0,1,1.0,1.0,1.0,1,1,1
0.7516876139756974,0.7794011688114603,0.0,1,1.0,1.0,1.0,1,1,1
0.8231878025991943,0.8319735108293898,0.0,1,1.0,1.0,1.0,1,1,1
0.5890708591098323,0.5832416351310208,0.0,1,1.0,1.0,1.0,1,1,1
1.2133553437216822,0.7794011688114603,2.0,1,-1.0,-1.0,-1.0,-1,-1,-1
0.5843382683567828,0.5832416351310208,2.0,1,-1.0,-1.0,-1.0,-1,-1,-1
0.9124502641384209,0.8319735108293898,1.0,1,0.0,0.0,0.0,0,0,0
0.8827817977156779,0.7794011688114603,3.0,1,-2.0,-2.0,-2.0,-2,-2,-2
1.4326972785841665,2.0390960424501885,0.0,1,1.0,2.0,1.0,1,1,2
0.9017191229771608,0.8999364240516117,1.0,1,0.0,0.0,0.0,0,0,0
0.7025983417570447,0.6734406009144644,3.0,1,-2.0,-2.0,-2.0,-2,-2,-2
0.9825176631349171,1.2606397945132812,1.0,1,0.0,0.0,0.0,0,0,0
0.7731243752614372,0.7794011688114603,0.0,1,1.0,1.0,1.0,1,1,1
0.7788023208296014,0.7794011688114603,0.0,1,1.0,1.0,1.0,1,1,1
0.8411148949719107,0.7794011688114603,2.0,1,-1.0,-1.0,-1.0,-1,-1,-1
1.0606582221059513,0.8999364240516117,3.0,1,-2.0,-2.0,-2.0,-2,-2,-2
1.786383238351191,2.2545883966105977,0.0,1,2.0,2.0,1.0,1,2,2
0.810581029686982,0.6734406009144644,0.0,1,1.0,1.0,1.0,1,1,1
0.8784594664729909,0.7794011688114603,3.0,1,-2.0,-2.0,-2.0,-2,-2,-2
0.6372706212632208,0.6225825803953996,1.0,1,0.0,0.0,0.0,0,0,0
0.9273113541813536,0.8999364240516117,0.0,1,1.0,1.0,1.0,1,1,1
0.5705333156589987,0.5832416351310208,0.0,1,1.0,1.0,1.0,1,1,1
0.7457275859990647,0.7794011688114603,0.0,1,1.0,1.0,1.0,1,1,1
0.5706844137657566,0.5832416351310208,0.0,1,1.0,1.0,1.0,1,1,1
1.864826644027341,2.2545883966105977,2.0,1,0.0,0.0,-1.0,-1,0,0
0.7895331739968774,0.7794011688114603,2.0,1,-1.0,-1.0,-1.0,-1,-1,-1
2.0429840561800257,2.1422456672471526,4.0,1,-2.0,-2.0,-3.0,-3,-2,-2
1.0056297474921214,0.7794011688114603,1.0,1,0.0,0.0,0.0,0,0,0
0.7866350350406602,0.5832416351310208,1.0,1,0.0,0.0,0.0,0,0,0
1.0487291215645058,0.8319735108293898,2.0,1,-1.0,-1.0,-1.0,-1,-1,-1
0.81837649083109,0.8319735108293898,0.0,1,1.0,1.0,1.0,1,1,1
0.6076175479843879,0.5832416351310208,0.0,1,1.0,1.0,1.0,1,1,1
0.6482812165689349,0.5832416351310208,0.0,1,1.0,1.0,1.0,1,1,1
2.13511572686773,2.2545883966105977,3.0,1,-1.0,-1.0,-2.0,-2,-1,-1
0.5843382683567828,0.5832416351310208,0.0,1,1.0,1.0,1.0,1,1,1
1.0714370848831978,1.34266805539438,2.0,1,-1.0,-1.0,-1.0,-1,-1,-1
1.5967920601779857,2.1422456672471526,2.0,1,0.0,0.0,-1.0,-1,0,0
0.5838969560118054,0.5832416351310208,0.0,1,1.0,1.0,1.0,1,1,1
1.0257939877048232,0.8999364240516117,1.0,1,0.0,0.0,0.0,0,0,0
0.6089732343070599,0.5832416351310208,0.0,1,1.0,1.0,1.0,1,1,1
0.7467748608222765,0.7794011688114603,1.0,1,0.0,0.0,0.0,0,0,0
0.916231951243475,0.9233264804190746,2.0,1,-1.0,-1.0,-1.0,-1,-1,-1
0.5755279053469403,0.5832416351310208,0.0,1,1.0,1.0,1.0,1,1,1
0.8093463098359072,0.8319735108293898,1.0,1,0.0,0.0,0.0,0,0,0
0.909606665231506,0.8999364240516117,0.0,1,1.0,1.0,1.0,1,1,1
1.7297749258273933,2.1422456672471526,1.0,1,1.0,1.0,0.0,0,1,1
0.6951063128764943,0.5832416351310208,0.0,1,1.0,1.0,1.0,1,1,1
2.1428206891826926,2.2545883966105977,3.0,1,-1.0,-1.0,-2.0,-2,-1,-1
0.8984276939623397,0.7794011688114603,0.0,1,1.0,1.0,1.0,1,1,1
0.7438424105857978,0.7794011688114603,0.0,1,1.0,1.0,1.0,1,1,1
1.1584142416595455,0.9233264804190746,0.0,1,1.0,1.0,1.0,1,1,1
1.5344670679699501,2.0390960424501885,0.0,1,2.0,2.0,1.0,1,2,2
0.7510189774523961,0.7794011688114603,0.0,1,1.0,1.0,1.0,1,1,1
1.142301491697461,1.34266805539438,2.0,1,-1.0,-1.0,-1.0,-1,-1,-1
2.2603266652646075,2.4012916547352354,3.0,1,-1.0,-1.0,-2.0,-2,-1,-1
0.5885215001744016,0.5832416351310208,0.0,1,1.0,1.0,1.0,1,1,1
1.7661998928348406,2.0390960424501885,2.0,1,0.0,0.0,-1.0,-1,0,0
1.0410989316012218,0.8319735108293898,2.0,1,-1.0,-1.0,-1.0,-1,-1,-1
0.8503994353025592,1.140148516603595,0.0,1,1.0,1.0,1.0,1,1,1
0.777553012606188,0.7794011688114603,0.0,1,1.0,1.0,1.0,1,1,1
0.7181712508273344,0.6734406009144644,0.0,1,1.0,1.0,1.0,1,1,1
0.7486585229822371,0.7794011688114603,0.0,1,1.0,1.0,1.0,1,1,1
0.5742744532577693,0.5832416351310208,0.0,1,1.0,1.0,1.0,1,1,1
0.869748880228443,0.7794011688114603,0.0,1,1.0,1.0,1.0,1,1,1
0.8231762768331681,0.8319735108293898,0.0,1,1.0,1.0,1.0,1,1,1
0.8059682587729782,0.5832416351310208,0.0,1,1.0,1.0,1.0,1,1,1
0.817185445869948,0.7794011688114603,2.0,1,-1.0,-1.0,-1.0,-1,-1,-1
0.5838969560118054,0.5832416351310208,1.0,1,0.0,0.0,0.0,0,0,0
1.4381489561607685,0.8999364240516117,1.0,1,0.0,0.0,0.0,0,0,0
1.0388260107524403,0.7794011688114603,2.0,1,-1.0,-1.0,-1.0,-1,-1,-1
1.2901567654552744,0.8319735108293898,3.0,1,-2.0,-2.0,-2.0,-2,-2,-2
0.8150977385069923,0.8319735108293898,0.0,1,1.0,1.0,1.0,1,1,1
0.9565069995407354,1.2606397945132812,3.0,1,-2.0,-2.0,-2.0,-2,-2,-2
0.5733038084100787,0.5832416351310208,0.0,1,1.0,1.0,1.0,1,1,1
0.7869052387307571,0.5832416351310208,0.0,1,1.0,1.0,1.0,1,1,1
2.1159288413994375,2.2545883966105977,2.0,1,0.0,0.0,-1.0,-1,0,0
0.7137984919132159,0.6734406009144644,0.0,1,1.0,1.0,1.0,1,1,1
0.8185600459334639,0.7794011688114603,0.0,1,1.0,1.0,1.0,1,1,1
0.7727001007636431,0.7794011688114603,0.0,1,1.0,1.0,1.0,1,1,1
0.9596418424206339,0.7794011688114603,0.0,1,1.0,1.0,1.0,1,1,1
1.4647422990087735,2.1422456672471526,1.0,1,0.0,1.0,0.0,0,0,1
0.859894030323621,0.8319735108293898,3.0,1,-2.0,-2.0,-2.0,-2,-2,-2
0.8498366094892869,0.8319735108293898,1.0,1,0.0,0.0,0.0,0,0,0
0.8388254111703718,0.8855590755906305,0.0,1,1.0,1.0,1.0,1,1,1
1.0677905108649461,0.8319735108293898,2.0,1,-1.0,-1.0,-1.0,-1,-1,-1
0.6540282165770602,0.6225825803953996,0.0,1,1.0,1.0,1.0,1,1,1
0.6300362141883245,0.5832416351310208,0.0,1,1.0,1.0,1.0,1,1,1
0.7723723160734263,0.7794011688114603,2.0,1,-1.0,-1.0,-1.0,-1,-1,-1
1.1250861074265266,0.7794011688114603,2.0,1,-1.0,-1.0,-1.0,-1,-1,-1
0.7475010113191364,0.7794011688114603,2.0,1,-1.0,-1.0,-1.0,-1,-1,-1
0.7575189058251446,0.7794011688114603,1.0,1,0.0,0.0,0.0,0,0,0
1.0453838706654839,0.9233264804190746,0.0,1,1.0,1.0,1.0,1,1,1
1.531007662502378,2.0390960424501885,1.0,1,1.0,1.0,0.0,0,1,1
0.703824441973758,0.5832416351310208,1.0,1,0.0,0.0,0.0,0,0,0
2.197626247256309,2.2545883966105977,4.0,1,-2.0,-2.0,-3.0,-3,-2,-2
0.7613341647550719,0.7794011688114603,0.0,1,1.0,1.0,1.0,1,1,1
1.0570481324524426,0.8319735108293898,0.0,1,1.0,1.0,1.0,1,1,1
0.7496427114555855,0.7794011688114603,2.0,1,-1.0,-1.0,-1.0,-1,-1,-1
0.5728267975250988,0.5832416351310208,1.0,1,0.0,0.0,0.0,0,0,0
1.1625679931998743,1.2606397945132812,3.0,1,-2.0,-2.0,-2.0,-2,-2,-2
0.8785021943992743,0.7794011688114603,0.0,1,1.0,1.0,1.0,1,1,1
0.618696526101734,0.5832416351310208,0.0,1,1.0,1.0,1.0,1,1,1
1.4310543310688955,0.8319735108293898,0.0,1,1.0,1.0,1.0,1,1,1
2.1360421136404466,2.2545883966105977,3.0,1,-1.0,-1.0,-2.0,-2,-1,-1
1.0465244576288355,0.8319735108293898,2.0,1,-1.0,-1.0,-1.0,-1,-1,-1
0.761361779533957,0.7794011688114603,1.0,1,0.0,0.0,0.0,0,0,0
0.7020386109899052,0.6225825803953996,1.0,1,0.0,0.0,0.0,0,0,0
0.8886544576375535,0.8999364240516117,0.0,1,1.0,1.0,1.0,1,1,1
0.7594965861542403,0.7794011688114603,2.0,1,-1.0,-1.0,-1.0,-1,-1,-1
0.6705817169591666,0.5832416351310208,1.0,1,0.0,0.0,0.0,0,0,0
1.9197401182757836,2.2545883966105977,1.0,1,1.0,1.0,0.0,0,1,1
1.6838191295067149,2.4983316972561838,1.0,1,1.0,1.0,0.0,0,1,1
1.1619183765934187,0.8319735108293898,2.0,1,-1.0,-1.0,-1.0,-1,-1,-1
0.7958735391938118,0.7794011688114603,0.0,1,1.0,1.0,1.0,1,1,1
0.591080148019679,0.5832416351310208,0.0,1,1.0,1.0,1.0,1,1,1
2.3116274268670773,2.4012916547352354,4.0,1,-2.0,-2.0,-3.0,-3,-2,-2
0.7669515525593452,0.6734406009144644,0.0,1,1.0,1.0,1.0,1,1,1
0.7412347789560232,0.6734406009144644,1.0,1,0.0,0.0,0.0,0,0,0
1.347001374695627,0.8473309507263065,4.0,1,-3.0,-3.0,-3.0,-3,-3,-3
0.9020866753022303,1.140148516603595,1.0,1,0.0,0.0,0.0,0,0,0
0.7456172417648115,0.7794011688114603,0.0,1,1.0,1.0,1.0,1,1,1
0.783945875148143,0.6909438524715146,0.0,1,1.0,1.0,1.0,1,1,1
1.45603079599202,2.1422456672471526,1.0,1,0.0,1.0,0.0,0,0,1
0.8868921437739201,0.6225825803953996,1.0,1,0.0,0.0,0.0,0,0,0
0.7072219607722325,0.5832416351310208,0.0,1,1.0,1.0,1.0,1,1,1
0.7625872192354144,0.6225825803953996,2.0,1,-1.0,-1.0,-1.0,-1,-1,-1
1.0374823192621991,1.2606397945132812,2.0,1,-1.0,-1.0,-1.0,-1,-1,-1
0.9358240285282017,0.7794011688114603,0.0,1,1.0,1.0,1.0,1,1,1
1.778265123611113,2.0390960424501885,3.0,1,-1.0,-1.0,-2.0,-2,-1,-1
0.9728026304980809,0.8999364240516117,0.0,1,1.0,1.0,1.0,1,1,1
0.9208063243264905,0.8999364240516117,0.0,1,1.0,1.0,1.0,1,1,1
1.8407860705302495,2.1422456672471526,1.0,1,1.0,1.0,0.0,0,1,1
2.240759808296961,2.4012916547352354,1.0,1,1.0,1.0,0.0,0,1,1
0.8403699878516955,0.7794011688114603,0.0,1,1.0,1.0,1.0,1,1,1
0.8289607588758763,0.8319735108293898,0.0,1,1.0,1.0,1.0,1,1,1
1.026319399409138,0.8999364240516117,1.0,1,0.0,0.0,0.0,0,0,0
1.6572952960012008,2.0390960424501885,2.0,1,0.0,0.0,-1.0,-1,0,0
1.329777120016245,0.8319735108293898,1.0,1,0.0,0.0,0.0,0,0,0
1.755703007703754,2.1422456672471526,0.0,1,2.0,2.0,1.0,1,2,2
1.3307457892944015,0.8319735108293898,1.0,1,0.0,0.0,0.0,0,0,0
1.4142250940015324,0.8999364240516117,2.0,1,-1.0,-1.0,-1.0,-1,-1,-1
0.6072478327744194,0.5832416351310208,0.0,1,1.0,1.0,1.0,1,1,1
1.224720808748931,0.8999364240516117,0.0,1,1.0,1.0,1.0,1,1,1
0.660929070235286,0.5832416351310208,0.0,1,1.0,1.0,1.0,1,1,1
0.6524130132654616,0.6340748628236683,0.0,1,1.0,1.0,1.0,1,1,1
1.1831013175745277,1.34266805539438,1.0,1,0.0,0.0,0.0,0,0,0
1.097907829714589,0.8999364240516117,0.0,1,1.0,1.0,1.0,1,1,1
0.7862742304476166,0.7794011688114603,0.0,1,1.0,1.0,1.0,1,1,1
1.0622977537055878,0.8473309507263065,1.0,1,0.0,0.0,0.0,0,0,0
0.624237404069496,0.6340748628236683,0.0,1,1.0,1.0,1.0,1,1,1
0.7880943465733159,0.6340748628236683,0.0,1,1.0,1.0,1.0,1,1,1
1.6755965009833151,2.009325485846288,0.0,1,2.0,2.0,1.0,1,2,2
0.628780170375564,0.6340748628236683,0.0,1,1.0,1.0,1.0,1,1,1
0.8069551962882158,0.6340748628236683,2.0,1,-1.0,-1.0,-1.0,-1,-1,-1
1.0118170408238747,0.8319735108293898,0.0,1,1.0,1.0,1.0,1,1,1
0.68429840200724,0.6340748628236683,0.0,1,1.0,1.0,1.0,1,1,1
0.8556158231737685,0.8319735108293898,0.0,1,1.0,1.0,1.0,1,1,1
1.4506188981724528,2.0390960424501885,0.0,1,1.0,2.0,1.0,1,1,2
0.7629188796489738,0.7794011688114603,3.0,1,-2.0,-2.0,-2.0,-2,-2,-2
0.8452679871685249,0.6340748628236683,1.0,1,0.0,0.0,0.0,0,0,0
1.167675415235671,0.8473309507263065,0.0,1,1.0,1.0,1.0,1,1,1
0.9429261663068675,0.8319735108293898,2.0,1,-1.0,-1.0,-1.0,-1,-1,-1
0.8053841363705518,0.6340748628236683,1.0,1,0.0,0.0,0.0,0,0,0
0.624237404069496,0.6340748628236683,0.0,1,1.0,1.0,1.0,1,1,1
0.988185144224842,1.2606397945132812,0.0,1,1.0,1.0,1.0,1,1,1
1.127323173529645,1.2606397945132812,2.0,1,-1.0,-1.0,-1.0,-1,-1,-1
1.1822593254107725,0.8319735108293898,2.0,1,-1.0,-1.0,-1.0,-1,-1,-1
0.5842483491731221,0.5832416351310208,0.0,1,1.0,1.0,1.0,1,1,1
0.9234739874626864,0.8999364240516117,1.0,1,0.0,0.0,0.0,0,0,0
1.198524530775222,0.8999364240516117,1.0,1,0.0,0.0,0.0,0,0,0
0.5780364167382012,0.5832416351310208,0.0,1,1.0,1.0,1.0,1,1,1
0.8364735089270499,0.8473309507263065,0.0,1,1.0,1.0,1.0,1,1,1
1.1361784919590914,0.8473309507263065,0.0,1,1.0,1.0,1.0,1,1,1
2.017547907259457,2.4983316972561838,0.0,1,2.0,2.0,1.0,1,2,2
0.6814422096527357,0.6340748628236683,0.0,1,1.0,1.0,1.0,1,1,1
0.7527280891625889,0.7794011688114603,0.0,1,1.0,1.0,1.0,1,1,1
0.9038841016158052,0.8319735108293898,2.0,1,-1.0,-1.0,-1.0,-1,-1,-1
0.7092382997220823,0.5832416351310208,1.0,1,0.0,0.0,0.0,0,0,0
0.8466941177904319,0.6734406009144644,1.0,1,0.0,0.0,0.0,0,0,0
1.0261525084894678,0.8473309507263065,2.0,1,-1.0,-1.0,-1.0,-1,-1,-1
1.5169597867995521,2.009325485846288,3.0,1,-1.0,-1.0,-2.0,-2,-1,-1
2.0032254391384834,2.4983316972561838,0.0,1,2.0,2.0,1.0,1,2,2
0.906110793290815,0.6909438524715146,0.0,1,1.0,1.0,1.0,1,1,1
2.1017402575447903,2.2545883966105977,3.0,1,-1.0,-1.0,-2.0,-2,-1,-1
0.8285375112571682,0.662681740701285,3.0,1,-2.0,-2.0,-2.0,-2,-2,-2
0.9004481382931393,0.8999364240516117,0.0,1,1.0,1.0,1.0,1,1,1
0.899881450578154,0.8473309507263065,2.0,1,-1.0,-1.0,-1.0,-1,-1,-1
0.8487128284361323,0.6734406009144644,2.0,1,-1.0,-1.0,-1.0,-1,-1,-1
0.7557499879966562,0.7794011688114603,0.0,1,1.0,1.0,1.0,1,1,1
1.9323519613751083,2.4012916547352354,1.0,1,1.0,1.0,0.0,0,1,1
0.5838969560118054,0.5832416351310208,0.0,1,1.0,1.0,1.0,1,1,1
1.1091476274242964,0.8319735108293898,2.0,1,-1.0,-1.0,-1.0,-1,-1,-1
0.9024001205640879,0.8999364240516117,0.0,1,1.0,1.0,1.0,1,1,1
2.1610782920515867,2.2545883966105977,2.0,1,0.0,0.0,-1.0,-1,0,0
0.7129390744509256,0.5832416351310208,0.0,1,1.0,1.0,1.0,1,1,1
0.5742744532577693,0.5832416351310208,1.0,1,0.0,0.0,0.0,0,0,0
0.6485779042602866,0.6225825803953996,1.0,1,0.0,0.0,0.0,0,0,0
0.7705798845460022,0.7794011688114603,0.0,1,1.0,1.0,1.0,1,1,1
0.7613372100742014,0.7794011688114603,0.0,1,1.0,1.0,1.0,1,1,1
0.8588470457137108,0.8473309507263065,0.0,1,1.0,1.0,1.0,1,1,1
0.7937212523935033,0.6734406009144644,0.0,1,1.0,1.0,1.0,1,1,1
1.6610982139277475,2.009325485846288,1.0,1,1.0,1.0,0.0,0,1,1
2.0327489161958474,2.1422456672471526,3.0,1,-1.0,-1.0,-2.0,-2,-1,-1
0.6813606812847093,0.6340748628236683,0.0,1,1.0,1.0,1.0,1,1,1
0.9339442528117912,0.8473309507263065,1.0,1,0.0,0.0,0.0,0,0,0
0.8263784831791777,0.7794011688114603,0.0,1,1.0,1.0,1.0,1,1,1
0.7286185375064549,0.6734406009144644,0.0,1,1.0,1.0,1.0,1,1,1
0.6944187794493202,0.6734406009144644,1.0,1,0.0,0.0,0.0,0,0,0
0.8247088074799753,0.8319735108293898,0.0,1,1.0,1.0,1.0,1,1,1
0.7519004157495781,0.6340748628236683,0.0,1,1.0,1.0,1.0,1,1,1
0.8238861623761664,0.8473309507263065,0.0,1,1.0,1.0,1.0,1,1,1
0.9082396014059815,0.8473309507263065,0.0,1,1.0,1.0,1.0,1,1,1
0.5941435163059396,0.5832416351310208,0.0,1,1.0,1.0,1.0,1,1,1
0.8128263457356468,0.8473309507263065,0.0,1,1.0,1.0,1.0,1,1,1
0.6485575455127324,0.6225825803953996,0.0,1,1.0,1.0,1.0,1,1,1
0.68299245124813,0.5832416351310208,1.0,1,0.0,0.0,0.0,0,0,0
0.8586066023221539,0.6225825803953996,0.0,1,1.0,1.0,1.0,1,1,1
0.6287802084497784,0.6340748628236683,1.0,1,0.0,0.0,0.0,0,0,0
1.5886630788020677,2.1422456672471526,1.0,1,1.0,1.0,0.0,0,1,1
0.7916389923812843,0.6225825803953996,0.0,1,1.0,1.0,1.0,1,1,1
1.3150276007806616,0.8999364240516117,1.0,1,0.0,0.0,0.0,0,0,0
1.0516222885028605,0.8473309507263065,0.0,1,1.0,1.0,1.0,1,1,1
0.7537468099958129,0.6909438524715146,1.0,1,0.0,0.0,0.0,0,0,0
0.7200559997477792,0.6340748628236683,0.0,1,1.0,1.0,1.0,1,1,1
0.8289075721202448,0.7794011688114603,0.0,1,1.0,1.0,1.0,1,1,1
0.612803922998053,0.5832416351310208,2.0,1,-1.0,-1.0,-1.0,-1,-1,-1
0.8529346247917847,0.8319735108293898,2.0,1,-1.0,-1.0,-1.0,-1,-1,-1
1.6610982139277475,2.009325485846288,2.0,1,0.0,0.0,-1.0,-1,0,0
0.8746005099136671,0.7794011688114603,3.0,1,-2.0,-2.0,-2.0,-2,-2,-2
0.587757362530631,0.5832416351310208,0.0,1,1.0,1.0,1.0,1,1,1
0.6287802084497784,0.6340748628236683,0.0,1,1.0,1.0,1.0,1,1,1
0.9037627587648928,0.8319735108293898,0.0,1,1.0,1.0,1.0,1,1,1
0.7628740584739226,0.7794011688114603,0.0,1,1.0,1.0,1.0,1,1,1
0.824884485704112,0.8319735108293898,0.0,1,1.0,1.0,1.0,1,1,1
0.9247117421594576,0.8999364240516117,1.0,1,0.0,0.0,0.0,0,0,0
0.8783318434923688,0.7794011688114603,0.0,1,1.0,1.0,1.0,1,1,1
0.8128263457356468,0.8473309507263065,0.0,1,1.0,1.0,1.0,1,1,1
0.8634681898524611,0.8473309507263065,1.0,1,0.0,0.0,0.0,0,0,0
0.8243148355650247,0.7794011688114603,1.0,1,0.0,0.0,0.0,0,0,0
0.8632499807398296,0.8473309507263065,0.0,1,1.0,1.0,1.0,1,1,1
0.628925166800398,0.6340748628236683,0.0,1,1.0,1.0,1.0,1,1,1
0.705464964500348,0.6734406009144644,0.0,1,1.0,1.0,1.0,1,1,1
0.8944601222036332,0.8319735108293898,1.0,1,0.0,0.0,0.0,0,0,0
0.7628740584739226,0.7794011688114603,1.0,1,0.0,0.0,0.0,0,0,0
0.6331895045719681,0.6340748628236683,1.0,1,0.0,0.0,0.0,0,0,0
0.6331895045719681,0.6340748628236683,1.0,1,0.0,0.0,0.0,0,0,0
0.8409045838727274,0.7794011688114603,2.0,1,-1.0,-1.0,-1.0,-1,-1,-1
0.7270453381677595,0.6734406009144644,1.0,1,0.0,0.0,0.0,0,0,0
0.8964273649808677,0.8999364240516117,1.0,1,0.0,0.0,0.0,0,0,0
1.4399126350268248,0.8999364240516117,2.0,1,-1.0,-1.0,-1.0,-1,-1,-1
0.8128263451576513,0.8473309507263065,0.0,1,1.0,1.0,1.0,1,1,1
0.5838969560118054,0.5832416351310208,0.0,1,1.0,1.0,1.0,1,1,1
0.8735487571902139,0.8473309507263065,1.0,1,0.0,0.0,0.0,0,0,0
0.8660043285142185,0.8473309507263065,2.0,1,-1.0,-1.0,-1.0,-1,-1,-1
0.8364735124126185,0.8473309507263065,0.0,1,1.0,1.0,1.0,1,1,1
0.8364735107523541,0.8473309507263065,1.0,1,0.0,0.0,0.0,0,0,0
1.4202960516425316,0.9233264804190746,4.0,1,-3.0,-3.0,-3.0,-3,-3,-3
0.8128263462613826,0.8473309507263065,0.0,1,1.0,1.0,1.0,1,1,1
0.591080148019679,0.5832416351310208,0.0,1,1.0,1.0,1.0,1,1,1
0.62423743659985,0.6340748628236683,0.0,1,1.0,1.0,1.0,1,1,1
0.8382803796927574,0.8473309507263065,2.0,1,-1.0,-1.0,-1.0,-1,-1,-1
0.8385123700159755,0.8473309507263065,2.0,1,-1.0,-1.0,-1.0,-1,-1,-1
1.2188582946109316,0.9233264804190746,2.0,1,-1.0,-1.0,-1.0,-1,-1,-1
0.6331895045719681,0.6340748628236683,1.0,1,0.0,0.0,0.0,0,0,0
0.5946799506580542,0.5832416351310208,1.0,1,0.0,0.0,0.0,0,0,0
0.62423743659985,0.6340748628236683,2.0,1,-1.0,-1.0,-1.0,-1,-1,-1
0.6289252015611622,0.6340748628236683,1.0,1,0.0,0.0,0.0,0,0,0
0.8248438085663143,0.7794011688114603,2.0,1,-1.0,-1.0,-1.0,-1,-1,-1
0.9075799591591037,0.8473309507263065,1.0,1,0.0,0.0,0.0,0,0,0
0.8947179181576512,0.8999364240516117,0.0,1,1.0,1.0,1.0,1,1,1
0.8364735089270499,0.8473309507263065,0.0,1,1.0,1.0,1.0,1,1,1
0.8440174200545102,0.8319735108293898,2.0,1,-1.0,-1.0,-1.0,-1,-1,-1
0.637938975157974,0.6340748628236683,0.0,1,1.0,1.0,1.0,1,1,1
0.8128263462613826,0.8473309507263065,0.0,1,1.0,1.0,1.0,1,1,1
0.9065940773975736,0.8473309507263065,0.0,1,1.0,1.0,1.0,1,1,1
1.4913455293763558,2.0390960424501885,2.0,1,-1.0,0.0,-1.0,-1,-1,0
0.6564036671100879,0.6225825803953996,0.0,1,1.0,1.0,1.0,1,1,1
0.839469614463696,0.8473309507263065,2.0,1,-1.0,-1.0,-1.0,-1,-1,-1
0.8128263462613826,0.8473309507263065,0.0,1,1.0,1.0,1.0,1,1,1
0.8411148949719107,0.7794011688114603,0.0,1,1.0,1.0,1.0,1,1,1
0.8653563795588151,0.8473309507263065,1.0,1,0.0,0.0,0.0,0,0,0
0.8231762768331681,0.8319735108293898,1.0,1,0.0,0.0,0.0,0,0,0
0.7496427114555855,0.7794011688114603,0.0,1,1.0,1.0,1.0,1,1,1
1.2285459582349691,0.8473309507263065,4.0,1,-3.0,-3.0,-3.0,-3,-3,-3
0.9712873372088034,0.8319735108293898,1.0,1,0.0,0.0,0.0,0,0,0
0.6379390212453451,0.6340748628236683,0.0,1,1.0,1.0,1.0,1,1,1
0.7609609537046085,0.7794011688114603,0.0,1,1.0,1.0,1.0,1,1,1
1.0541173401216422,0.7794011688114603,2.0,1,-1.0,-1.0,-1.0,-1,-1,-1
1.1980529005592655,0.8999364240516117,1.0,1,0.0,0.0,0.0,0,0,0
1.069610879660143,0.8999364240516117,1.0,1,0.0,0.0,0.0,0,0,0
0.6501178349760239,0.6340748628236683,0.0,1,1.0,1.0,1.0,1,1,1
1.1957279125766944,0.8999364240516117,2.0,1,-1.0,-1.0,-1.0,-1,-1,-1
0.6379390212453451,0.6340748628236683,1.0,1,0.0,0.0,0.0,0,0,0
0.6655886976983403,0.6340748628236683,0.0,1,1.0,1.0,1.0,1,1,1
0.9016161249100797,0.7794011688114603,1.0,1,0.0,0.0,0.0,0,0,0
0.6368376523176673,0.6225825803953996,0.0,1,1.0,1.0,1.0,1,1,1
0.821490656609708,0.6909438524715146,3.0,1,-2.0,-2.0,-2.0,-2,-2,-2
0.9063180609816052,0.7794011688114603,1.0,1,0.0,0.0,0.0,0,0,0
0.9034377999727825,0.8319735108293898,0.0,1,1.0,1.0,1.0,1,1,1
0.8085688962431159,0.662681740701285,0.0,1,1.0,1.0,1.0,1,1,1
0.9230992046354336,0.8999364240516117,0.0,1,1.0,1.0,1.0,1,1,1
0.8394696081242536,0.8473309507263065,0.0,1,1.0,1.0,1.0,1,1,1
1.5671630061302457,2.009325485846288,0.0,1,2.0,2.0,1.0,1,2,2
1.2229686602918217,0.8999364240516117,2.0,1,-1.0,-1.0,-1.0,-1,-1,-1
0.9956775520798993,0.8319735108293898,1.0,1,0.0,0.0,0.0,0,0,0
0.7735216556370055,0.7794011688114603,0.0,1,1.0,1.0,1.0,1,1,1
1.0550753889883313,0.7794011688114603,2.0,1,-1.0,-1.0,-1.0,-1,-1,-1
0.8883730885292115,0.8319735108293898,0.0,1,1.0,1.0,1.0,1,1,1
1.1401174849087283,0.8319735108293898,0.0,1,1.0,1.0,1.0,1,1,1
0.8215394897619461,0.8319735108293898,0.0,1,1.0,1.0,1.0,1,1,1
0.7393827393580784,0.6734406009144644,2.0,1,-1.0,-1.0,-1.0,-1,-1,-1
0.6331895244177994,0.6340748628236683,2.0,1,-1.0,-1.0,-1.0,-1,-1,-1
0.6294668479875711,0.6340748628236683,0.0,1,1.0,1.0,1.0,1,1,1
1.393053795363652,0.8999364240516117,3.0,1,-2.0,-2.0,-2.0,-2,-2,-2
1.0551876220541514,0.8999364240516117,1.0,1,0.0,0.0,0.0,0,0,0
1.6056728261636044,2.2545883966105977,4.0,1,-2.0,-2.0,-3.0,-3,-2,-2
0.633038131936513,0.6340748628236683,0.0,1,1.0,1.0,1.0,1,1,1
0.7330282300539612,0.6909438524715146,2.0,1,-1.0,-1.0,-1.0,-1,-1,-1
0.8128263457356468,0.8473309507263065,0.0,1,1.0,1.0,1.0,1,1,1
0.7135120855051513,0.6734406009144644,1.0,1,0.0,0.0,0.0,0,0,0
0.8128263467395899,0.8473309507263065,0.0,1,1.0,1.0,1.0,1,1,1
0.9730104096021194,0.8999364240516117,3.0,1,-2.0,-2.0,-2.0,-2,-2,-2
0.5946799506580542,0.5832416351310208,1.0,1,0.0,0.0,0.0,0,0,0
0.7910183735868463,0.7794011688114603,1.0,1,0.0,0.0,0.0,0,0,0
0.8128263467395899,0.8473309507263065,0.0,1,1.0,1.0,1.0,1,1,1
0.6331895244177994,0.6340748628236683,0.0,1,1.0,1.0,1.0,1,1,1
0.8128263457356468,0.8473309507263065,0.0,1,1.0,1.0,1.0,1,1,1
0.6331895045719681,0.6340748628236683,0.0,1,1.0,1.0,1.0,1,1,1
0.5906418534634168,0.5832416351310208,1.0,1,0.0,0.0,0.0,0,0,0
0.9130322366906748,0.9233264804190746,0.0,1,1.0,1.0,1.0,1,1,1
0.889284071288529,0.8319735108293898,2.0,1,-1.0,-1.0,-1.0,-1,-1,-1
0.8128263467395899,0.8473309507263065,0.0,1,1.0,1.0,1.0,1,1,1
0.8735487642625543,0.8473309507263065,2.0,1,-1.0,-1.0,-1.0,-1,-1,-1
0.9910755999595887,0.8319735108293898,2.0,1,-1.0,-1.0,-1.0,-1,-1,-1
0.7812807845420394,0.6909438524715146,0.0,1,1.0,1.0,1.0,1,1,1
0.9730104096021194,0.8999364240516117,0.0,1,1.0,1.0,1.0,1,1,1
0.9770721107336082,0.6909438524715146,1.0,1,0.0,0.0,0.0,0,0,0
0.6330381516904182,0.6340748628236683,1.0,1,0.0,0.0,0.0,0,0,0
0.7158779860859998,0.6225825803953996,1.0,1,0.0,0.0,0.0,0,0,0
1.088063401508396,1.3969274224021562,3.0,1,-2.0,-2.0,-2.0,-2,-2,-2
0.8409045838727274,0.7794011688114603,0.0,1,1.0,1.0,1.0,1,1,1
1.8984960263978767,2.4012916547352354,3.0,1,-1.0,-1.0,-2.0,-2,-1,-1
0.9698995508305204,0.8999364240516117,1.0,1,0.0,0.0,0.0,0,0,0
0.7729922606614585,0.6734406009144644,2.0,1,-1.0,-1.0,-1.0,-1,-1,-1
0.6577064968105368,0.6340748628236683,1.0,1,0.0,0.0,0.0,0,0,0
0.629466819632508,0.6340748628236683,0.0,1,1.0,1.0,1.0,1,1,1
1.0542391796390518,0.8999364240516117,0.0,1,1.0,1.0,1.0,1,1,1
0.6330381516904182,0.6340748628236683,0.0,1,1.0,1.0,1.0,1,1,1
0.6311274808691331,0.662681740701285,0.0,1,1.0,1.0,1.0,1,1,1
0.6667326816442549,0.6225825803953996,1.0,1,0.0,0.0,0.0,0,0,0
0.633038131936513,0.6340748628236683,1.0,1,0.0,0.0,0.0,0,0,0
0.8653563941782759,0.8473309507263065,1.0,1,0.0,0.0,0.0,0,0,0
1.2280666859298488,0.7794011688114603,2.0,1,-1.0,-1.0,-1.0,-1,-1,-1
0.7722392402036065,0.7794011688114603,0.0,1,1.0,1.0,1.0,1,1,1
0.5842483491731221,0.5832416351310208,0.0,1,1.0,1.0,1.0,1,1,1
0.5842483491731221,0.5832416351310208,1.0,1,0.0,0.0,0.0,0,0,0
0.9859083574319786,0.8473309507263065,2.0,1,-1.0,-1.0,-1.0,-1,-1,-1
0.6417622850733239,0.6225825803953996,0.0,1,1.0,1.0,1.0,1,1,1
0.9214624138641355,0.8999364240516117,0.0,1,1.0,1.0,1.0,1,1,1
0.6447908017699865,0.6225825803953996,1.0,1,0.0,0.0,0.0,0,0,0
0.6330381516904182,0.6340748628236683,0.0,1,1.0,1.0,1.0,1,1,1
0.8464193876336975,0.8319735108293898,0.0,1,1.0,1.0,1.0,1,1,1
0.8181180781559693,0.7794011688114603,0.0,1,1.0,1.0,1.0,1,1,1
1.2331737679977177,0.7794011688114603,4.0,1,-3.0,-3.0,-3.0,-3,-3,-3
0.7247118856252303,0.6734406009144644,0.0,1,1.0,1.0,1.0,1,1,1
0.8507287582689543,0.7794011688114603,2.0,1,-1.0,-1.0,-1.0,-1,-1,-1
0.5742744532577693,0.5832416351310208,1.0,1,0.0,0.0,0.0,0,0,0
0.9006774755915131,0.8319735108293898,1.0,1,0.0,0.0,0.0,0,0,0
0.639736833914002,0.6340748628236683,0.0,1,1.0,1.0,1.0,1,1,1
0.6294668602705931,0.6340748628236683,0.0,1,1.0,1.0,1.0,1,1,1
0.6447908017699865,0.6225825803953996,0.0,1,1.0,1.0,1.0,1,1,1
0.8364735089270499,0.8473309507263065,1.0,1,0.0,0.0,0.0,0,0,0
0.9793291121328845,0.8999364240516117,2.0,1,-1.0,-1.0,-1.0,-1,-1,-1
0.6447997315846034,0.6225825803953996,2.0,1,-1.0,-1.0,-1.0,-1,-1,-1
0.6294668714420566,0.6340748628236683,0.0,1,1.0,1.0,1.0,1,1,1
0.9273152516571057,0.8999364240516117,2.0,1,-1.0,-1.0,-1.0,-1,-1,-1
0.5842483491731221,0.5832416351310208,2.0,1,-1.0,-1.0,-1.0,-1,-1,-1
0.6294668714420566,0.6340748628236683,0.0,1,1.0,1.0,1.0,1,1,1
0.7025489890482933,0.6734406009144644,0.0,1,1.0,1.0,1.0,1,1,1
0.7722392402036065,0.7794011688114603,0.0,1,1.0,1.0,1.0,1,1,1
1.0924942171223948,0.9233264804190746,4.0,1,-3.0,-3.0,-3.0,-3,-3,-3
0.8993195898049187,0.7794011688114603,1.0,1,0.0,0.0,0.0,0,0,0
0.629466819632508,0.6340748628236683,0.0,1,1.0,1.0,1.0,1,1,1
0.9248527873306875,0.8473309507263065,2.0,1,-1.0,-1.0,-1.0,-1,-1,-1
0.6397368507337863,0.6340748628236683,0.0,1,1.0,1.0,1.0,1,1,1
0.8364735089270499,0.8473309507263065,2.0,1,-1.0,-1.0,-1.0,-1,-1,-1
0.8364735152964518,0.8473309507263065,1.0,1,0.0,0.0,0.0,0,0,0
0.836473513922788,0.8473309507263065,1.0,1,0.0,0.0,0.0,0,0,0
0.9035917739583379,0.8319735108293898,2.0,1,-1.0,-1.0,-1.0,-1,-1,-1
0.6294668714420566,0.6340748628236683,2.0,1,-1.0,-1.0,-1.0,-1,-1,-1
0.639736833914002,0.6340748628236683,0.0,1,1.0,1.0,1.0,1,1,1
0.6397368507337863,0.6340748628236683,2.0,1,-1.0,-1.0,-1.0,-1,-1,-1
0.6397367950851721,0.6340748628236683,0.0,1,1.0,1.0,1.0,1,1,1
0.8735487673268094,0.8473309507263065,0.0,1,1.0,1.0,1.0,1,1,1
0.720598923506769,0.6734406009144644,1.0,1,0.0,0.0,0.0,0,0,0
0.7393562979025017,0.6909438524715146,0.0,1,1.0,1.0,1.0,1,1,1
0.9248527702101976,0.8473309507263065,1.0,1,0.0,0.0,0.0,0,0,0
0.8735487673268094,0.8473309507263065,3.0,1,-2.0,-2.0,-2.0,-2,-2,-2
0.6397368660312645,0.6340748628236683,0.0,1,1.0,1.0,1.0,1,1,1
0.6397368660312645,0.6340748628236683,1.0,1,0.0,0.0,0.0,0,0,0
0.8735487642625543,0.8473309507263065,1.0,1,0.0,0.0,0.0,0,0,0
0.8169136761512253,0.7794011688114603,1.0,1,0.0,0.0,0.0,0,0,0
0.6397368660312645,0.6340748628236683,0.0,1,1.0,1.0,1.0,1,1,1
0.9248527920384069,0.8473309507263065,2.0,1,-1.0,-1.0,-1.0,-1,-1,-1
0.816929690845585,0.7794011688114603,1.0,1,0.0,0.0,0.0,0,0,0
0.6035332298347301,0.5832416351310208,0.0,1,1.0,1.0,1.0,1,1,1
0.9569882394552234,0.8855590755906305,3.0,1,-2.0,-2.0,-2.0,-2,-2,-2
0.7247118856252303,0.6734406009144644,0.0,1,1.0,1.0,1.0,1,1,1
0.8735487673268094,0.8473309507263065,2.0,1,-1.0,-1.0,-1.0,-1,-1,-1
0.8735487642625543,0.8473309507263065,2.0,1,-1.0,-1.0,-1.0,-1,-1,-1
0.7896400238119605,0.6909438524715146,3.0,1,-2.0,-2.0,-2.0,-2,-2,-2
0.8761790615625273,0.8855590755906305,1.0,1,0.0,0.0,0.0,0,0,0
0.9964194005223204,0.8319735108293898,1.0,1,0.0,0.0,0.0,0,0,0
0.6397368660312645,0.6340748628236683,2.0,1,-1.0,-1.0,-1.0,-1,-1,-1
0.6397368660312645,0.6340748628236683,0.0,1,1.0,1.0,1.0,1,1,1
0.9824033486265207,0.8999364240516117,2.0,1,-1.0,-1.0,-1.0,-1,-1,-1
0.8735487701141271,0.8473309507263065,2.0,1,-1.0,-1.0,-1.0,-1,-1,-1
0.9747138277045364,0.8319735108293898,3.0,1,-2.0,-2.0,-2.0,-2,-2,-2
0.8295353870082001,0.7794011688114603,1.0,1,0.0,0.0,0.0,0,0,0
0.9038841016158052,0.8319735108293898,3.0,1,-2.0,-2.0,-2.0,-2,-2,-2
0.9826410427728163,0.8999364240516117,0.0,1,1.0,1.0,1.0,1,1,1
0.8169136761512253,0.7794011688114603,1.0,1,0.0,0.0,0.0,0,0,0
0.8735487642625543,0.8473309507263065,3.0,1,-2.0,-2.0,-2.0,-2,-2,-2
